id,provider,title,type,tags,sample_code
projects/sat-io/open-datasets/shoreline/mainlands,"United States Geological Survey, USGS",Global Shoreline Dataset,table,"Global Shoreline, Shoreline, mainlands, Oceans",https://code.earthengine.google.com/609a16955ed07b282fcd4bff4750f814
projects/sat-io/open-datasets/shoreline/big_islands,"United States Geological Survey, USGS",Global Shoreline Dataset,table,"Global Shoreline, Shoreline, big islands, Oceans",https://code.earthengine.google.com/609a16955ed07b282fcd4bff4750f814
projects/sat-io/open-datasets/shoreline/small_islands,"United States Geological Survey, USGS",Global Shoreline Dataset Small Islands,table,"Global Shoreline, Shoreline, small islands, Oceans",https://code.earthengine.google.com/609a16955ed07b282fcd4bff4750f814
projects/sat-io/open-datasets/shoreline/small_islands,"Institute of Industrial Sciences, Open Street Map, OSM",OSM Water Layer Surface Waters,image_collection,"Global water layer, Open Street Map, OSM, Surface Water",https://code.earthengine.google.com/cab4e587c9fa6d86e9d848432efe874b
users/gena/global-hand/hand-100,"Gennaddi Donchyts, Deltares",Global 30m Height Above the Nearest Drainage with Number of River head threshold cells 100,image_collection,"Global Hand, Hydrology, drainage, hand",https://code.earthengine.google.com/ed75ecef7fcf94897b74ac56bfbb3f43
users/gena/GlobalHAND/30m/hand-1000,"Gennaddi Donchyts, Deltares",Global 30m Height Above the Nearest Drainage with Number of River head threshold cells 1000,image,"Global Hand, Hydrology, drainage, hand",https://code.earthengine.google.com/ed75ecef7fcf94897b74ac56bfbb3f43
users/gena/GlobalHAND/90m-global/hand-1000,"Gennaddi Donchyts, Deltares",Global 90m Height Above the Nearest Drainage with Number of River head threshold cells 1000,image,"Global Hand, Hydrology, drainage, hand",https://code.earthengine.google.com/ed75ecef7fcf94897b74ac56bfbb3f43
projects/sat-io/open-datasets/GMW/GMW_1996_v2,"Global Mangrove Watch, Aberystwyth University, solo Earth Observation, Wetlands Institute, International Water Management Institute, UN Environment World Conservation Monitoring Center",Global Mangrove Extent 1996,table,"Global, Mangrove, GMW",https://code.earthengine.google.com/ded574858c353cac4df6652e14f501b2
projects/sat-io/open-datasets/GMW/GMW_2007_v2,"Global Mangrove Watch, Aberystwyth University, solo Earth Observation, Wetlands Institute, International Water Management Institute, UN Environment World Conservation Monitoring Center",Global Mangrove Extent 2007,table,"Global, Mangrove, GMW",https://code.earthengine.google.com/ded574858c353cac4df6652e14f501b2
projects/sat-io/open-datasets/GMW/GMW_2008_v2,"Global Mangrove Watch, Aberystwyth University, solo Earth Observation, Wetlands Institute, International Water Management Institute, UN Environment World Conservation Monitoring Center",Global Mangrove Extent 2008,table,"Global, Mangrove, GMW",https://code.earthengine.google.com/ded574858c353cac4df6652e14f501b2
projects/sat-io/open-datasets/GMW/GMW_2009_v2,"Global Mangrove Watch, Aberystwyth University, solo Earth Observation, Wetlands Institute, International Water Management Institute, UN Environment World Conservation Monitoring Center",Global Mangrove Extent 2009,table,"Global, Mangrove, GMW",https://code.earthengine.google.com/ded574858c353cac4df6652e14f501b2
projects/sat-io/open-datasets/GMW/GMW_2010_v2,"Global Mangrove Watch, Aberystwyth University, solo Earth Observation, Wetlands Institute, International Water Management Institute, UN Environment World Conservation Monitoring Center",Global Mangrove Extent 2010,table,"Global, Mangrove, GMW",https://code.earthengine.google.com/ded574858c353cac4df6652e14f501b2
projects/sat-io/open-datasets/GMW/GMW_2015_v2,"Global Mangrove Watch, Aberystwyth University, solo Earth Observation, Wetlands Institute, International Water Management Institute, UN Environment World Conservation Monitoring Center",Global Mangrove Extent 2015,table,"Global, Mangrove, GMW",https://code.earthengine.google.com/ded574858c353cac4df6652e14f501b2
projects/sat-io/open-datasets/GMW/GMW_2016_v2,"Global Mangrove Watch, Aberystwyth University, solo Earth Observation, Wetlands Institute, International Water Management Institute, UN Environment World Conservation Monitoring Center",Global Mangrove Extent 2016,table,"Global, Mangrove, GMW",https://code.earthengine.google.com/ded574858c353cac4df6652e14f501b2
projects/sat-io/open-datasets/gcc/MODCF_CloudForestPrediction,"Earthenv, Wilson AM, Jetz W",Cloud Forest Prediction,image,"Earthenv, cloud forest prediction, MODIS, Global Cloud",https://earthenv-dot-map-of-life.appspot.com/4/20.650/15.675?collections=cloud&layers=Seasonality
projects/sat-io/open-datasets/gcc/MODCF_interannualSD,"Earthenv, Wilson AM, Jetz W",Mean between-year seasonality,image,"Earthenv, mean, seasonality, between year, MODIS, Global Cloud",https://earthenv-dot-map-of-life.appspot.com/4/20.650/15.675?collections=cloud&layers=Seasonality
projects/sat-io/open-datasets/gcc/MODCF_intraannualSD,"Earthenv, Wilson AM, Jetz W",Within-year seasonality,image,"Earthenv, seasonality, within year, MODIS, Global Cloud",https://earthenv-dot-map-of-life.appspot.com/4/20.650/15.675?collections=cloud&layers=Seasonality
projects/sat-io/open-datasets/gcc/MODCF_meanannual,"Earthenv, Wilson AM, Jetz W",Mean annual cloud frequency,image,"Earthenv, cloud frequency, annual, MODIS, Global Cloud",https://earthenv-dot-map-of-life.appspot.com/4/20.650/15.675?collections=cloud&layers=Seasonality
['projects/sat-io/open-datasets/gcc/MODCF_monthlymean'],"Earthenv, Wilson AM, Jetz W",Mean monthly cloud frequency,image_collection,"Earthenv, cloud frequency, monthly, MODIS, Global Cloud",https://earthenv-dot-map-of-life.appspot.com/4/20.650/15.675?collections=cloud&layers=Seasonality
projects/sat-io/open-datasets/gcc/MODCF_seasonality_rgb,"Earthenv, Wilson AM, Jetz W",Seasonality concentration and angle (theta),image,"Earthenv, cloud concentration, seasonality, angle, MODIS,Global Cloud",https://earthenv-dot-map-of-life.appspot.com/4/20.650/15.675?collections=cloud&layers=Seasonality
projects/sat-io/open-datasets/gcc/MODCF_seasonality_theta,"Earthenv, Wilson AM, Jetz W",Timing of peak seasonal cloud concentration,image,"Earthenv, cloud concentration, seasonality, MODIS, Global Cloud",https://earthenv-dot-map-of-life.appspot.com/4/20.650/15.675?collections=cloud&layers=Seasonality
projects/sat-io/open-datasets/gcc/MODCF_seasonality_visct,"Earthenv, Wilson AM, Jetz W",Seasonality single band with color table,image,"Earthenv, cloud concentration, seasonality, MODIS, Global Cloud",https://earthenv-dot-map-of-life.appspot.com/4/20.650/15.675?collections=cloud&layers=Seasonality
projects/sat-io/open-datasets/gcc/MODCF_spatialSD_1deg,"Earthenv, Wilson AM, Jetz W",Spatial variability (1 degree SD),image,"Earthenv, spatial variability, seasonality, MODIS, Global Cloud",https://earthenv-dot-map-of-life.appspot.com/4/20.650/15.675?collections=cloud&layers=Seasonality
projects/soilgrids-isric/bdod_mean,International Soil Reference and Information Centre (ISRIC),Bulk density of the fine earth fraction,image,"Global Soilgrid, bulk density, ISRIC",https://code.earthengine.google.com/6618d200de937bb5b0325235d52d690f
projects/soilgrids-isric/cec_mean,International Soil Reference and Information Centre (ISRIC),Cation Exchange Capacity of the soil,image,"Global Soilgrid, Cation Exchange Capacity, ISRIC",https://code.earthengine.google.com/6618d200de937bb5b0325235d52d690f
projects/soilgrids-isric/cfvo_mean,International Soil Reference and Information Centre (ISRIC),Volumetric fraction of coarse fragments,image,"Global Soilgrid,Volumetric fraction, coarse fragments, ISRIC",https://code.earthengine.google.com/6618d200de937bb5b0325235d52d690f
projects/soilgrids-isric/clay_mean,International Soil Reference and Information Centre (ISRIC),Proportion of clay particles (lt 0.002 mm) in the fine earth fraction,image,"Global Soilgrid, clay, ISRIC",https://code.earthengine.google.com/6618d200de937bb5b0325235d52d690f
projects/soilgrids-isric/nitrogen_mean,International Soil Reference and Information Centre (ISRIC),Total nitrogen,image,"Global Soilgrid, Nitrogen, ISRIC",https://code.earthengine.google.com/6618d200de937bb5b0325235d52d690f
projects/soilgrids-isric/phh20_mean,International Soil Reference and Information Centre (ISRIC),Soil pH,image,"Global Soilgrid, ph, ISRIC",https://code.earthengine.google.com/6618d200de937bb5b0325235d52d690f
projects/soilgrids-isric/sand_mean,International Soil Reference and Information Centre (ISRIC),Proportion of sand particles (gt 0.05 mm) in the fine earth fraction,image,"Global Soilgrid, Sand, ISRIC",https://code.earthengine.google.com/6618d200de937bb5b0325235d52d690f
projects/soilgrids-isric/silt_mean,International Soil Reference and Information Centre (ISRIC),Proportion of silt particles (gte 0.002 mm and lte 0.05 mm) in the fine earth fraction,image,"Global Soilgrid, Silt, ISRIC",https://code.earthengine.google.com/6618d200de937bb5b0325235d52d690f
projects/soilgrids-isric/soc_mean,International Soil Reference and Information Centre (ISRIC),Soil organic carbon content in the fine earth fraction,image,"Global Soilgrid, Organic carbon content, ISRIC",https://code.earthengine.google.com/6618d200de937bb5b0325235d52d690f
projects/soilgrids-isric/ocd_mean,International Soil Reference and Information Centre (ISRIC),Organic carbon density,image,"Global Soilgrid, Organic carbon density, ISRIC",https://code.earthengine.google.com/6618d200de937bb5b0325235d52d690f
projects/soilgrids-isric/ocs_mean,International Soil Reference and Information Centre (ISRIC),Organic carbon stocks,image,"Global Soilgrid, Organic carbon stocks, ISRIC",https://code.earthengine.google.com/6618d200de937bb5b0325235d52d690f
projects/sat-io/open-datasets/hrsl/hrslpop,"Center for International Earth Science Information Network(CIESIN), Facebook",High Resolution Settlement Layer: Overall Population,image_collectione,"High Resolution Settlement Layer, Facebook, population, CIESIN, humanitarian",https://code.earthengine.google.com/5f8af7ee25d50d44a58c90bf0efc91bb
projects/sat-io/open-datasets/hrsl/hrsl_men,"Center for International Earth Science Information Network(CIESIN), Facebook",High Resolution Settlement Layer: Men,image_collection,"High Resolution Settlement Layer, Facebook, population, CIESIN, humanitarian",https://code.earthengine.google.com/5f8af7ee25d50d44a58c90bf0efc91bb
projects/sat-io/open-datasets/hrsl/hrsl_women,"Center for International Earth Science Information Network(CIESIN), Facebook",High Resolution Settlement Layer: Women,image_collection,"High Resolution Settlement Layer, Facebook, population, CIESIN, humanitarian, women",https://code.earthengine.google.com/5f8af7ee25d50d44a58c90bf0efc91bb
projects/sat-io/open-datasets/hrsl/hrsl_youth,"Center for International Earth Science Information Network(CIESIN), Facebook",High Resolution Settlement Layer: Youth,image_collection,"High Resolution Settlement Layer, Facebook, population, CIESIN, humanitarian, youth",https://code.earthengine.google.com/5f8af7ee25d50d44a58c90bf0efc91bb
projects/sat-io/open-datasets/hrsl/hrsl_children_under_five,"Center for International Earth Science Information Network(CIESIN), Facebook",High Resolution Settlement Layer: Children under five,image_collection,"High Resolution Settlement Layer, Facebook, population, CIESIN, humanitarian, children",https://code.earthengine.google.com/5f8af7ee25d50d44a58c90bf0efc91bb
projects/sat-io/open-datasets/hrsl/hrsl_women_reproductive_age,"Center for International Earth Science Information Network(CIESIN), Facebook",High Resolution Settlement Layer: Women of reproductive age,image_collection,"High Resolution Settlement Layer, Facebook, population, CIESIN, humanitarian, women, reproductive",https://code.earthengine.google.com/5f8af7ee25d50d44a58c90bf0efc91bb
projects/sat-io/open-datasets/hrsl/hrsl_elderly_over_sixty,"Center for International Earth Science Information Network(CIESIN), Facebook",High Resolution Settlement Layer: Elderly over sixty,image_collection,"High Resolution Settlement Layer, Facebook, population, CIESIN, humanitarian, elderly",https://code.earthengine.google.com/5f8af7ee25d50d44a58c90bf0efc91bb
projects/mapbiomas-workspace/public/collection5/mapbiomas_collection50_integration_v1,"MapBiomas,Greenhouse Gas Emissions Estimation System (SEEG)",Mapbiomas: Final Integrated Land Use Land Cover Maps,image,"Mapbiomas, Land Use, Land Cover, Brazil,Amazon",https://code.earthengine.google.com/3d07ce796edba49bcd2cf18931dff541?accept_repo=users%2Fmapbiomas%2Fuser-toolkit
projects/mapbiomas-workspace/public/collection5/mapbiomas_collection50_transitions_v1,"MapBiomas,Greenhouse Gas Emissions Estimation System (SEEG)",Mapbiomas: Maps of transition areas (change in coverage or use) between selected years,image,"Mapbiomas, Land Use, Land Cover, Brazil,Amazon, Transition",https://code.earthengine.google.com/3d07ce796edba49bcd2cf18931dff541?accept_repo=users%2Fmapbiomas%2Fuser-toolkit
projects/mapbiomas-workspace/MOSAICOS/workspace-c3,"MapBiomas,Greenhouse Gas Emissions Estimation System (SEEG)",Mapbiomas: Mosaic of Landsat Images for each year of Collection 5,image_collection,"Mapbiomas, Land Use, Land Cover, Brazil,Amazon, Landsat, Mosaic",https://code.earthengine.google.com/3d07ce796edba49bcd2cf18931dff541?accept_repo=users%2Fmapbiomas%2Fuser-toolkit
projects/sat-io/open-datasets/global-mining/global_mining_polygons,"FINEPRINT project, European Research Council, European Union's Horizon 2020",Global Mining Polygons,table,"Mining, High Resolution, Global, coal, land-use, metal ores, minerals, raw material extraction",https://code.earthengine.google.com/21caa84d736a622b9de9c760c266e3d9
projects/sat-io/open-datasets/global-mining/global_mining_validation,"FINEPRINT project, European Research Council, European Union's Horizon 2020",Global Mining Validation Points,table,"Mining, High Resolution, Global, coal, land-use, metal ores, minerals, raw material extraction",https://code.earthengine.google.com/21caa84d736a622b9de9c760c266e3d9
projects/sat-io/open-datasets/predictive-global-power-system/distribution-transmission-lines,"C. Arderne, C. Zorn, C. Nicolas & E. E. Koks",Predicted Distribution and Transmission Lines,table,"Global transmission lines, electricity, infrastructure, power",https://code.earthengine.google.com/b27444561070de599678b2fe03c2d3dc
projects/sat-io/open-datasets/predictive-global-power-system/lv,"C. Arderne, C. Zorn, C. Nicolas & E. E. Koks ",Predicted low-voltage infrastructure in kilometres per cell,image,"Global transmission lines, electricity, infrastructure, power",https://code.earthengine.google.com/b27444561070de599678b2fe03c2d3dc
projects/sat-io/open-datasets/predictive-global-power-system/targets,"C. Arderne, C. Zorn, C. Nicolas & E. E. Koks",Locations predicted to be connected to distribution grid,table,"Global transmission lines, electricity, infrastructure, power",https://code.earthengine.google.com/b27444561070de599678b2fe03c2d3dc
projects/sat-io/open-datasets/GRIP4/Africa,"Global Biodiversity Model for Policy Support, GLOBIO, PBL Netherlands Environmental Assessment Agency",GRIP4: Africa,table,"global, road map, infrastructure, global roads inventory project (GRIP), SSP scenarios",https://code.earthengine.google.com/2557707383c16bb212eeb7f358d753a8
projects/sat-io/open-datasets/GRIP4/Central-South-America,"Global Biodiversity Model for Policy Support, GLOBIO, PBL Netherlands Environmental Assessment Agency",GRIP4: Central and South America,table,"global, road map, infrastructure, global roads inventory project (GRIP), SSP scenarios",https://code.earthengine.google.com/2557707383c16bb212eeb7f358d753a8
projects/sat-io/open-datasets/GRIP4/Europe,"Global Biodiversity Model for Policy Support, GLOBIO, PBL Netherlands Environmental Assessment Agency",GRIP4: Europe,table,"global, road map, infrastructure, global roads inventory project (GRIP), SSP scenarios",https://code.earthengine.google.com/2557707383c16bb212eeb7f358d753a8
projects/sat-io/open-datasets/GRIP4/North-America,"Global Biodiversity Model for Policy Support, GLOBIO, PBL Netherlands Environmental Assessment Agency",GRIP4: North America,table,"global, road map, infrastructure, global roads inventory project (GRIP), SSP scenarios",https://code.earthengine.google.com/2557707383c16bb212eeb7f358d753a8
projects/sat-io/open-datasets/GRIP4/Oceania,"Global Biodiversity Model for Policy Support, GLOBIO, PBL Netherlands Environmental Assessment Agency",GRIP4: Oceania,table,"global, road map, infrastructure, global roads inventory project (GRIP), SSP scenarios",https://code.earthengine.google.com/2557707383c16bb212eeb7f358d753a8
projects/sat-io/open-datasets/GRIP4/South-East-Asia,"Global Biodiversity Model for Policy Support, GLOBIO, PBL Netherlands Environmental Assessment Agency",GRIP4: South East Asia,table,"global, road map, infrastructure, global roads inventory project (GRIP), SSP scenarios",https://code.earthengine.google.com/2557707383c16bb212eeb7f358d753a8
projects/sat-io/open-datasets/GRIP4/Middle-East-Central-Asia,"Global Biodiversity Model for Policy Support, GLOBIO, PBL Netherlands Environmental Assessment Agency",GRIP4: Middle East and Central Asia,table,"global, road map, infrastructure, global roads inventory project (GRIP), SSP scenarios",https://code.earthengine.google.com/2557707383c16bb212eeb7f358d753a8
projects/sat-io/open-datasets/Geomorpho90m/cti,"Yale University, Coillte, Irish State Forestry Board, Leibniz-Institute of Freshwater Ecology and Inland Fisheries, European Commission - Joint Research Centre, Spatial Ecology",Geomorpho90m: Compound Topographic Index,image_collection,"Geomorpho90m, geomorphometric layers, MERIT DEM, topographic index, terrain ruggedness index, cti, global, topography, MERIT, SRTM, ALOS, DEM, terrain, shuttle, radar",https://code.earthengine.google.com/3efd5e8c5f2f02e637cdbfeedd1d968b
projects/sat-io/open-datasets/Geomorpho90m/slope,"Yale University, Coillte, Irish State Forestry Board, Leibniz-Institute of Freshwater Ecology and Inland Fisheries, European Commission - Joint Research Centre, Spatial Ecology",Geomorpho90m: Slope,image_collection,"Geomorpho90m, geomorphometric layers, MERIT DEM, topographic index, terrain ruggedness index, slope, global, topography, MERIT, SRTM, ALOS, DEM, terrain, shuttle, radar",https://code.earthengine.google.com/3efd5e8c5f2f02e637cdbfeedd1d968b
projects/sat-io/open-datasets/Geomorpho90m/tri,"Yale University, Coillte, Irish State Forestry Board, Leibniz-Institute of Freshwater Ecology and Inland Fisheries, European Commission - Joint Research Centre, Spatial Ecology",Geomorpho90m: Terrain Ruggedness Index,image_collection,"Geomorpho90m, geomorphometric layers, MERIT DEM, topographic index, terrain ruggedness index, tri, global, topography, MERIT, SRTM, ALOS, DEM, terrain, shuttle, radar",https://code.earthengine.google.com/3efd5e8c5f2f02e637cdbfeedd1d968b
projects/sat-io/open-datasets/Geomorpho90m/vrm,"Yale University, Coillte, Irish State Forestry Board, Leibniz-Institute of Freshwater Ecology and Inland Fisheries, European Commission - Joint Research Centre, Spatial Ecology",Geomorpho90m: Vector Ruggedness Measure,image_collection,"Geomorpho90m, geomorphometric layers, MERIT DEM, topographic index, terrain ruggedness index, vrm, global, topography, MERIT, SRTM, ALOS, DEM, terrain, shuttle, radar",https://code.earthengine.google.com/2dfc4b537801e2430b14b8d6851564be
projects/sat-io/open-datasets/Geomorpho90m/roughness,"Yale University, Coillte, Irish State Forestry Board, Leibniz-Institute of Freshwater Ecology and Inland Fisheries, European Commission - Joint Research Centre, Spatial Ecology",Geomorpho90m: Roughness,image_collection,"Geomorpho90m, geomorphometric layers, MERIT DEM, topographic index, terrain ruggedness index, roughness, global, topography, MERIT, SRTM, ALOS, DEM, terrain, shuttle, radar",https://code.earthengine.google.com/2dfc4b537801e2430b14b8d6851564be
projects/sat-io/open-datasets/Geomorpho90m/tpi,"Yale University, Coillte, Irish State Forestry Board, Leibniz-Institute of Freshwater Ecology and Inland Fisheries, European Commission - Joint Research Centre, Spatial Ecology",Geomorpho90m: Topographic Position Index,image_collection,"Geomorpho90m, geomorphometric layers, MERIT DEM, topographic index, terrain ruggedness index, tpi, global, topography, MERIT, SRTM, ALOS, DEM, terrain, shuttle, radar",https://code.earthengine.google.com/2dfc4b537801e2430b14b8d6851564be
projects/sat-io/open-datasets/Geomorpho90m/spi,"Yale University, Coillte, Irish State Forestry Board, Leibniz-Institute of Freshwater Ecology and Inland Fisheries, European Commission - Joint Research Centre, Spatial Ecology",Geomorpho90m: Stream Power Index,image_collection,"Geomorpho90m, geomorphometric layers, MERIT DEM, topographic index, terrain ruggedness index,spi, global, topography, MERIT, SRTM, ALOS, DEM, terrain, shuttle, radar",https://code.earthengine.google.com/2dfc4b537801e2430b14b8d6851564be
projects/sat-io/open-datasets/sedac/gpw-v4-admin-unit-center-points-population-estimates-rev11,"NASA Socioeconomic Data and Applications Center (SEDAC), Center for International Earth Science Information Network (CIESIN)","Gridded Population of the World, Version 4 (GPWv4): Administrative Unit Center Points with Population Estimates",table,"census geography, GPWv4, gridded population, uniform distribution, CIESIN, SEDAC",https://code.earthengine.google.com/00a4d124364828026daa89aa40fdd0cf
projects/sat-io/open-datasets/sedac/wacvm-social-vulnerability-indices-pei,"NASA Socioeconomic Data and Applications Center (SEDAC), Center for International Earth Science Information Network (CIESIN)",West Africa Coastal Vulnerability Mapping: Population Exposure Index (PEI),image,"West Africa, Exposure Index, Population, CIESIN, SEDAC, PEI",https://code.earthengine.google.com/d6d07d10eafabbdcb57c7965f0b984dc
projects/sat-io/open-datasets/sedac/wacvm-social-vulnerability-indices-paci,"NASA Socioeconomic Data and Applications Center (SEDAC), Center for International Earth Science Information Network (CIESIN)",West Africa Coastal Vulnerability Mapping: Poverty and Adaptive Capacity Index (PACI),image,"West Africa, Poverty and Adaptive Capacity Index, PACI, Poverty, Capacity, Population, CIESIN, SEDAC",https://code.earthengine.google.com/d6d07d10eafabbdcb57c7965f0b984dc
projects/sat-io/open-datasets/sedac/wacvm-social-vulnerability-indices-svi,"NASA Socioeconomic Data and Applications Center (SEDAC), Center for International Earth Science Information Network (CIESIN)",West Africa Coastal Vulnerability Mapping: Social Vulnerability Index (SVI),image,"West Africa, Social Vulnerability Index, SVI, Population, CIESIN, SEDAC",https://code.earthengine.google.com/d6d07d10eafabbdcb57c7965f0b984dc
projects/sat-io/open-datasets/landfire/fire-regime/vcc,"U.S. Department of Agriculture's (USDA) U.S. Forest Service (USFS), U.S. Department of the Interior's Geological Survey (USGS), and The Nature Conservancy",Vegetation Condition Class (VCC) LF v2.0.0,image_collection,"doi, fire, landfire, nature-conservancy, usda, usgs, vegetation, wildfire",https://code.earthengine.google.com/769befc4e306957b0824e3668fbba709
projects/sat-io/open-datasets/landfire/fire-regime/vdep,"U.S. Department of Agriculture's (USDA) U.S. Forest Service (USFS), U.S. Department of the Interior's Geological Survey (USGS), and The Nature Conservancy",Vegetation Departure Index (VDep) LF v2.0.0,image_collection,"doi, fire, landfire, nature-conservancy, usda, usgs, vegetation, wildfire",https://code.earthengine.google.com/769befc4e306957b0824e3668fbba709
projects/sat-io/open-datasets/landfire/fire-regime/sclass,"U.S. Department of Agriculture's (USDA) U.S. Forest Service (USFS), U.S. Department of the Interior's Geological Survey (USGS), and The Nature Conservancy",Succession Classes (SClass) LF v2.0.0,image_collection,"doi, fire, landfire, nature-conservancy, usda, usgs, vegetation, wildfire",https://code.earthengine.google.com/769befc4e306957b0824e3668fbba709
projects/sat-io/open-datasets/landfire/disturbance/fdist,"U.S. Department of Agriculture's (USDA) U.S. Forest Service (USFS), U.S. Department of the Interior's Geological Survey (USGS), and The Nature Conservancy",Fuel Disturbance (FDist) LF v2.0.0,image_collection,"doi, fire, landfire, nature-conservancy, usda, usgs, vegetation, wildfire",https://code.earthengine.google.com/5b1706ec636eb864a273b0cef18a1786
projects/sat-io/open-datasets/landfire/disturbance/hdist,"U.S. Department of Agriculture's (USDA) U.S. Forest Service (USFS), U.S. Department of the Interior's Geological Survey (USGS), and The Nature Conservancy",Fuel Disturbance (HDist) LF v2.0.0,image_collection,"doi, fire, landfire, nature-conservancy, usda, usgs, vegetation, wildfire",https://code.earthengine.google.com/5b1706ec636eb864a273b0cef18a1786
projects/sat-io/open-datasets/landfire/fuel/ch,"U.S. Department of Agriculture's (USDA) U.S. Forest Service (USFS), U.S. Department of the Interior's Geological Survey (USGS), and The Nature Conservancy",Forest Canopy Height (CH) LF v2.0.0,image_collection,"doi, fire, landfire, nature-conservancy, usda, usgs, vegetation, wildfire",https://code.earthengine.google.com/e4a9120382b0fdfb9c0a7e75405711ac
projects/sat-io/open-datasets/landfire/fuel/cc,"U.S. Department of Agriculture's (USDA) U.S. Forest Service (USFS), U.S. Department of the Interior's Geological Survey (USGS), and The Nature Conservancy",Forest Canopy Cover (CC) LF v2.0.0,image_collection,"doi, fire, landfire, nature-conservancy, usda, usgs, vegetation, wildfire",https://code.earthengine.google.com/e4a9120382b0fdfb9c0a7e75405711ac
projects/sat-io/open-datasets/landfire/fuel/cbh,"U.S. Department of Agriculture's (USDA) U.S. Forest Service (USFS), U.S. Department of the Interior's Geological Survey (USGS), and The Nature Conservancy",Forest Canopy Base Height (CBH) LF v2.0.0,image_collection,"doi, fire, landfire, nature-conservancy, usda, usgs, vegetation, wildfire",https://code.earthengine.google.com/e4a9120382b0fdfb9c0a7e75405711ac
projects/sat-io/open-datasets/landfire/fuel/cbd,"U.S. Department of Agriculture's (USDA) U.S. Forest Service (USFS), U.S. Department of the Interior's Geological Survey (USGS), and The Nature Conservancy",Forest Canopy Bulk Density (CBD) LF v2.0.0,image_collection,"doi, fire, landfire, nature-conservancy, usda, usgs, vegetation, wildfire",https://code.earthengine.google.com/e4a9120382b0fdfb9c0a7e75405711ac
projects/sat-io/open-datasets/landfire/fuel/fvc,"U.S. Department of Agriculture's (USDA) U.S. Forest Service (USFS), U.S. Department of the Interior's Geological Survey (USGS), and The Nature Conservancy",Fuel Vegetation Cover (FVC) LF v2.0.0,image_collection,"doi, fire, landfire, nature-conservancy, usda, usgs, vegetation, wildfire",https://code.earthengine.google.com/e4a9120382b0fdfb9c0a7e75405711ac
projects/sat-io/open-datasets/landfire/fuel/fvh,"U.S. Department of Agriculture's (USDA) U.S. Forest Service (USFS), U.S. Department of the Interior's Geological Survey (USGS), and The Nature Conservancy",Fuel Vegetation Height (FVH) LF v2.0.0,image_collection,"doi, fire, landfire, nature-conservancy, usda, usgs, vegetation, wildfire",https://code.earthengine.google.com/e4a9120382b0fdfb9c0a7e75405711ac
projects/sat-io/open-datasets/landfire/fuel/fvt,"U.S. Department of Agriculture's (USDA) U.S. Forest Service (USFS), U.S. Department of the Interior's Geological Survey (USGS), and The Nature Conservancy",Fuel Vegetation Type (FVT) LF v2.0.0,image_collection,"doi, fire, landfire, nature-conservancy, usda, usgs, vegetation, wildfire",https://code.earthengine.google.com/e4a9120382b0fdfb9c0a7e75405711ac
projects/sat-io/open-datasets/landfire/vegetation/bps_v2_0_0,"U.S. Department of Agriculture's (USDA) U.S. Forest Service (USFS), U.S. Department of the Interior's Geological Survey (USGS), and The Nature Conservancy",Biophysical Settings (BPS) LF v2.0.0,image_collection,"doi, fire, landfire, nature-conservancy, usda, usgs, vegetation, wildfire",https://code.earthengine.google.com/76c6cbf1f4c837f48ae6d080b15e1666
projects/sat-io/open-datasets/landfire/vegetation/evc_v2_0_0,"U.S. Department of Agriculture's (USDA) U.S. Forest Service (USFS), U.S. Department of the Interior's Geological Survey (USGS), and The Nature Conservancy",Existing Vegetation Cover (EVC) LF v2.0.0,image_collection,"doi, fire, landfire, nature-conservancy, usda, usgs, vegetation, wildfire",https://code.earthengine.google.com/76c6cbf1f4c837f48ae6d080b15e1666
projects/sat-io/open-datasets/landfire/vegetation/evh_v2_0_0,"U.S. Department of Agriculture's (USDA) U.S. Forest Service (USFS), U.S. Department of the Interior's Geological Survey (USGS), and The Nature Conservancy",Existing Vegetation Height (EVH) LF v2.0.0,image_collection,"doi, fire, landfire, nature-conservancy, usda, usgs, vegetation, wildfire",https://code.earthengine.google.com/76c6cbf1f4c837f48ae6d080b15e1666
projects/sat-io/open-datasets/landfire/vegetation/evt_v2_0_0,"U.S. Department of Agriculture's (USDA) U.S. Forest Service (USFS), U.S. Department of the Interior's Geological Survey (USGS), and The Nature Conservancy",Existing Vegetation Type (EVT) LF v2.0.0,image_collection,"doi, fire, landfire, nature-conservancy, usda, usgs, vegetation, wildfire",https://code.earthengine.google.com/76c6cbf1f4c837f48ae6d080b15e1666
projects/sat-io/open-datasets/landfire/vegetation/nvc_v2_0_0,"U.S. Department of Agriculture's (USDA) U.S. Forest Service (USFS), U.S. Department of the Interior's Geological Survey (USGS), and The Nature Conservancy",National Vegetation Classification (NVC) LF v2.0.0,image_collection,"doi, fire, landfire, nature-conservancy, usda, usgs, vegetation, wildfire",https://code.earthengine.google.com/76c6cbf1f4c837f48ae6d080b15e1666
projects/sat-io/open-datasets/GRWL/grwl_SummaryStats_v01_01,"Allen, George H., & Pavelsky, Tamlin M",Global River Width from Landsat (GRWL) Simplified Vector Product V01.01,table,"GRWL, Fluvial Geomorphology, Hydrology, Rivers, River Width, Landsat, MNDWI",https://code.earthengine.google.com/66543f94dcb97a8d27de1d6e128fe064
projects/sat-io/open-datasets/GRWL/water_vector_v01_01,"Allen, George H., & Pavelsky, Tamlin M",Global River Width from Landsat (GRWL) Vector Product V01.01,table,"GRWL, Fluvial Geomorphology, Hydrology, Rivers, River Width, Landsat, MNDWI",https://code.earthengine.google.com/66543f94dcb97a8d27de1d6e128fe064
projects/sat-io/open-datasets/GRWL/rssa_basins,"Allen, George H., & Pavelsky, Tamlin M",River and stream surface area totals by drainage basin,table,"GRWL, Fluvial Geomorphology, Hydrology, Rivers, River Width, Landsat, MNDWI",https://code.earthengine.google.com/66543f94dcb97a8d27de1d6e128fe064
projects/sat-io/open-datasets/GRWL/grwl_tiles,"Allen, George H., & Pavelsky, Tamlin M",Location map of the individual GRWL tiles,table,"GRWL, Fluvial Geomorphology, Hydrology, Rivers, River Width, Landsat, MNDWI",https://code.earthengine.google.com/66543f94dcb97a8d27de1d6e128fe064
projects/sat-io/open-datasets/GRWL/grwl_tiles,"Allen, George H., & Pavelsky, Tamlin M",Global River Width from Landsat (GRWL) Mask V01.01,image_collection,"GRWL, Fluvial Geomorphology, Hydrology, Rivers, River Width, Landsat, MNDWI",https://code.earthengine.google.com/66543f94dcb97a8d27de1d6e128fe064
projects/sat-io/open-datasets/delta/global-costal-rivers-points,"Caldwell, R. L., Edmonds, D. A., Baumgardner, S., Paola, C., Roy, S., and Nienhuis, J. H.",Global coastal rivers and environmental variables,table,"Fluvial Geomorphology, Hydrology, Rivers, Coastal Rivers, Tidal, River Mouth",https://code.earthengine.google.com/8dd904e9d95fe96fa058571b27f25f40
projects/sat-io/open-datasets/facebook/relative_wealth_index,"Center for International Earth Science Information Network(CIESIN), Facebook",Relative Wealth Index (RWI),table,"Relative Wealth Index, RWI, Facebook, CIESIN, gridded",https://code.earthengine.google.com/ce70f96b62203b44da0c224a10dc3eab
projects/sat-io/open-datasets/facebook/sci_user_loc,"Center for International Earth Science Information Network(CIESIN), Facebook",Social Connectedness Index First Location(SCI),table,"Social Connectedness Index, SCI, Facebook, CIESIN, country,first location",https://code.earthengine.google.com/4dadf30cb45f181e301fcd4f17dfdb2d
projects/sat-io/open-datasets/facebook/sci_fr_loc,"Center for International Earth Science Information Network(CIESIN), Facebook",Social Connectedness Index Second Location(SCI),table,"Social Connectedness Index, SCI, Facebook, CIESIN, country, second location",https://code.earthengine.google.com/4dadf30cb45f181e301fcd4f17dfdb2d
projects/sat-io/open-datasets/landfire/fuel/fccs,"U.S. Department of Agriculture's (USDA) U.S. Forest Service (USFS), U.S. Department of the Interior's Geological Survey (USGS), and The Nature Conservancy",Fuel Characteristic Classification System Fuelbeds (FCCS) LF v2.0.0,image_collection,"doi, fire, landfire, nature-conservancy, usda, usgs, vegetation, wildfire",https://code.earthengine.google.com/e4a9120382b0fdfb9c0a7e75405711ac
projects/sat-io/open-datasets/landfire/topographic/elevation,"U.S. Department of Agriculture's (USDA) U.S. Forest Service (USFS), U.S. Department of the Interior's Geological Survey (USGS), and The Nature Conservancy",Elevation (ELEV) LF v2.0.0,image_collection,"doi, fire, landfire, nature-conservancy, usda, usgs, vegetation, wildfire",https://code.earthengine.google.com/b162248aa8a2495648f10baed01e7ef3
projects/sat-io/open-datasets/landfire/topographic/aspect,"U.S. Department of Agriculture's (USDA) U.S. Forest Service (USFS), U.S. Department of the Interior's Geological Survey (USGS), and The Nature Conservancy",Aspect (ASP) LF v2.0.0,image_collection,"doi, fire, landfire, nature-conservancy, usda, usgs, vegetation, wildfire",https://code.earthengine.google.com/b162248aa8a2495648f10baed01e7ef3
projects/sat-io/open-datasets/facebook/global_medium_voltage_grid,"Center for International Earth Science Information Network(CIESIN), Facebook",Electrical Distribution Grid Maps: Raster,image_collection,"Electrical Distribution Grid, Facebook, Ivory Coast, Democratic Republic of the Congo,  Malawi,  Nigeria,  Uganda,  Zambia",https://code.earthengine.google.com/679d2b03fb371331f1823d7b0a51f9fd
projects/sat-io/open-datasets/facebook/gmv_grid,"Center for International Earth Science Information Network(CIESIN), Facebook",Electrical Distribution Grid Maps: Vector,table,"Electrical Distribution Grid, Facebook, Ivory Coast, Democratic Republic of the Congo,  Malawi,  Nigeria,  Uganda,  Zambia",https://code.earthengine.google.com/679d2b03fb371331f1823d7b0a51f9fd
projects/sat-io/open-datasets/wa-datasets/wa_lc_usgs_1975,"United States Geological Survey, USGS",West Africa Land Use and Land Cover 1975,image,"United States Geological Survey, USGS, Land Use, Land Cover, West Africa",https://code.earthengine.google.com/93ec15b58db715aac57cbf34b6d29c8d
projects/sat-io/open-datasets/wa-datasets/wa_lc_usgs_2000,"United States Geological Survey, USGS",West Africa Land Use and Land Cover 2000,image,"United States Geological Survey, USGS, Land Use, Land Cover, West Africa",https://code.earthengine.google.com/93ec15b58db715aac57cbf34b6d29c8d
projects/sat-io/open-datasets/wa-datasets/wa_lc_usgs_2013,"United States Geological Survey, USGS",West Africa Land Use and Land Cover 2013,image,"United States Geological Survey, USGS, Land Use, Land Cover, West Africa",https://code.earthengine.google.com/93ec15b58db715aac57cbf34b6d29c8d
projects/rangeland-analysis-platform/vegetation-cover-v2,"USDA NRCS Working Lands for Wildlife, Brady Allred, Matthew Jones, Eric Jensen",Rangeland-Analysis-Platform: Vegetation Cover v2,image_collection,"rangelands, vegetation, time-series, machine learning, landsat",https://support.rangelands.app/article/61-processing-rap-data-in-google-earth-engine
projects/rangeland-analysis-platform/npp-partitioned-v2,"USDA NRCS Working Lands for Wildlife, Brady Allred, Matthew Jones, Eric Jensen",Rangeland-Analysis-Platform: NPP partitioned v2,image_collection,"rangelands, vegetation, time-series, machine learning, landsat",https://support.rangelands.app/article/61-processing-rap-data-in-google-earth-engine
projects/rangeland-analysis-platform/npp-partitioned-16day-v2,"USDA NRCS Working Lands for Wildlife, Brady Allred, Matthew Jones, Eric Jensen",Rangeland-Analysis-Platform: NPP partitioned 16 day v2,image_collection,"rangelands, vegetation, time-series, machine learning, landsat",https://support.rangelands.app/article/61-processing-rap-data-in-google-earth-engine
projects/sat-io/open-datasets/us-drought-monitor,"National Drought Mitigation Center at the University of Nebraska-Lincoln, the United States Department of Agriculture, and the National Oceanic and Atmospheric Administration. Map courtesy of NDMC",United States Drought Monitor (USDM),image_collection,"National Drought Mitigation Center, NDMC, Drought, University of Nebraska-Lincoln, United States Department of Agriculture, USDA, National Oceanic and Atmospheric Administration, NOAA, USDM",https://code.earthengine.google.com/f120cc4eb8fcbeffbc4a7fc13a5c57b0
projects/sat-io/open-datasets/gebco/gebco_grid,"General Bathymetric Chart of the Oceans (GEBCO), Nippon Foundation-GEBCO Seabed 2030 Project",GEBCO 2020 Grid,image_collection,"Nippon Foundation-GEBCO Seabed 2030 Project, GEBCO, General Bathymetric Chart of the Oceans, Bathymetry , Elevation",https://code.earthengine.google.com/448583e4ee5facdd9c23916b65aaf8a6
projects/sat-io/open-datasets/gebco/gebco_tid_grid,"General Bathymetric Chart of the Oceans (GEBCO), Nippon Foundation-GEBCO Seabed 2030 Project",GEBCO 2020 Type Identifier (TID) Grid,image_collection,"Nippon Foundation-GEBCO Seabed 2030 Project, GEBCO, General Bathymetric Chart of the Oceans, Bathymetry , Elevation",https://code.earthengine.google.com/448583e4ee5facdd9c23916b65aaf8a6
pprojects/sat-io/open-datasets/delta/delta-convex-hull,"Edmonds, Douglas A., Rebecca L. Caldwell, Eduardo S. Brondizio, and Sacha MO Siani",Global River Deltas and vulnerability (Convex Hull),table,"Fluvial Geomorphology, Hydrology, Rivers, Coastal Rivers, Tidal, River Mouth, Vulnerability, Poverty",https://code.earthengine.google.com/ee82002bc3038f30e5a04c41b6567a05
projects/sat-io/open-datasets/delta/delta-convex-bounds,"Edmonds, Douglas A., Rebecca L. Caldwell, Eduardo S. Brondizio, and Sacha MO Siani",Global River Deltas and vulnerability (Convex Hull Bounds),table,"Fluvial Geomorphology, Hydrology, Rivers, Coastal Rivers, Tidal, River Mouth, Vulnerability, Poverty",https://code.earthengine.google.com/ee82002bc3038f30e5a04c41b6567a05
projects/sat-io/open-datasets/nasa-harvest/togo_cropland_binary,"Hannah Kerner, Gabriel Tseng, Inbal Becker-Reshef, Catherine Nakalembe,Brian Barker, Blake Munshell,Madhava Paliyam, and Mehdi Hosseini",Togo Cropland Binary,image,"agriculture, Africa, Togo, crops, crop classification, food security, satellite data, Earth observation, GIS",https://code.earthengine.google.com/d3441d23c1b2840948e026f51edd5bc9
projects/sat-io/open-datasets/nasa-harvest/togo_cropland_probability,"Hannah Kerner, Gabriel Tseng, Inbal Becker-Reshef, Catherine Nakalembe,Brian Barker, Blake Munshell,Madhava Paliyam, and Mehdi Hosseini",Togo Cropland Probability,image,"agriculture, Africa, Togo, crops, crop classification, food security, satellite data, Earth observation, GIS",https://code.earthengine.google.com/d3441d23c1b2840948e026f51edd5bc9
projects/sat-io/open-datasets/nasa-harvest/kenya_cropland_binary,"Tseng, Gabriel, Hannah Kerner, Catherine Nakalembe, and Inbal Becker-Reshef",Kenya Cropland Binary,image,"agriculture, Africa, Kenya, crops, crop classification, food security, satellite data, Earth observation, GIS",https://code.earthengine.google.com/d3441d23c1b2840948e026f51edd5bc9
projects/sat-io/open-datasets/nasa-harvest/kenya_2019_cropland_probability,"Tseng, Gabriel, Hannah Kerner, Catherine Nakalembe, and Inbal Becker-Reshef",Kenya Cropland Probability,image,"agriculture, Africa, Kenya, crops, crop classification, food security, satellite data, Earth observation, GIS",https://code.earthengine.google.com/d3441d23c1b2840948e026f51edd5bc9
pprojects/sat-io/open-datasets/nasa-harvest/busia_cropland_binary,"Tseng, Gabriel, Hannah Kerner, Catherine Nakalembe, and Inbal Becker-Reshef",Busia Cropland Binary,image,"agriculture, Africa, Busia, crops, crop classification, food security, satellite data, Earth observation, GIS",https://code.earthengine.google.com/d3441d23c1b2840948e026f51edd5bc9
projects/sat-io/open-datasets/nasa-harvest/busia_cropland_probability,"Tseng, Gabriel, Hannah Kerner, Catherine Nakalembe, and Inbal Becker-Reshef",Busia Cropland Probability,image,"agriculture, Africa, Busia, crops, crop classification, food security, satellite data, Earth observation, GIS",https://code.earthengine.google.com/d3441d23c1b2840948e026f51edd5bc9
projects/sat-io/open-datasets/NINA/SOC30_SA_mean,"Venter, Zander S, Hawkins, Heidi-Jayne, Cramer, Michael D, & Mills, Anthony J",Soil Organic Carbon Stocks 30m,image_collection,"carbon stocks, land degradation, natural climate solutions, remote sensing, soil mapping, spatial prediction, soil carbon, carbon sequestration",https://code.earthengine.google.com/4e15cc9ee4fe5b43cac46cfbe28f2a5e
projects/sat-io/open-datasets/NINA/SOC30_SA_trend,"Venter, Zander S, Hawkins, Heidi-Jayne, Cramer, Michael D, & Mills, Anthony J",Soil Organic Carbon Stocks Trends 30m,image_collection,"carbon stocks, land degradation, natural climate solutions, remote sensing, soil mapping, spatial prediction, soil carbon, carbon sequestration",https://code.earthengine.google.com/4e15cc9ee4fe5b43cac46cfbe28f2a5e
projects/sat-io/open-datasets/NINA/ELC10,"Venter, Zander S., & Sydenham, Markus A.K.",Continental Scale Land Cover Mapping at 10m Europe,image_collection,"land use, europe, land cover, remote sensing, copernicus, sentinel, satellite",https://code.earthengine.google.com/1036fae2f580c7d644be300c3c2a043f
projects/sat-io/open-datasets/events/large_flood_events_1985-2016,"Dartmouth Flood Observatory, Intergovernmental Hydrologic Programme",Global large flood events- Dartmouth Flood Observatory (1985-2016),table,"flood events, flood type, flood cause, Dartmouth Flood Observatory, Intergovernmental Hydrologic Programme",https://code.earthengine.google.com/4058ef8c0f4d98a1444c9c03327878e3
projects/sat-io/open-datasets/events/global_landslide_1970-2019,NASA Goddard Space Flight Center,Global Landslide Catalog - NASA Goddard (1970-2019),table,"landslide, rainfall, NASA, GLC",https://code.earthengine.google.com/fc05547a9058948eae9b7782ee07cf22
